{"cameraMode":{"drawMode":0,"name":"Shaded","section":"Shading Mode"},"sceneLighting":true,"audioPlay":false,"sceneViewState":{"showFog":true,"showMaterialUpdate":false,"showSkybox":true,"showFlares":true,"showImageEffects":true,"showParticleSystems":true},"in2DMode":false,"pivot":{"x":140.70999145507813,"y":11.3100004196167,"z":399.6400146484375},"rotation":{"x":-0.05273449048399925,"y":0.42097795009613039,"z":0.024522624909877778,"w":0.9052045941352844},"size":10.80767822265625,"orthographic":false}