{"cameraMode":{"drawMode":0,"name":"Shaded","section":"Shading Mode"},"sceneLighting":false,"audioPlay":false,"sceneViewState":{"showFog":true,"showMaterialUpdate":false,"showSkybox":false,"showFlares":true,"showImageEffects":true,"showParticleSystems":true},"in2DMode":false,"pivot":{"x":58.32589340209961,"y":29.90619659423828,"z":439.9237976074219},"rotation":{"x":-0.007200851570814848,"y":-0.9894477128982544,"z":0.13470284640789033,"w":-0.05288361757993698},"size":12.389165878295899,"orthographic":false}